{
  "timestamp": "2026-05-18T23:50:38.856182+00:00",
  "plan": "station_bringup",
  "clean": {
    "iterations": 200,
    "commands_per_cycle": 11,
    "cycle_wall_clock_s": {
      "mean": 0.0010366691465605981,
      "p50": 0.0010035419836640358,
      "p95": 0.001416624989360571,
      "p99": 0.0014685830101370811,
      "min": 0.0008009579905774444,
      "max": 0.0018137080187443644
    },
    "command_latency_ms": {
      "p50": 0.08950001210905612,
      "p95": 0.12929199147038162,
      "p99": 0.1460839994251728
    },
    "throughput_commands_per_s": 10610.907092677711
  },
  "fault_injected": {
    "iterations": 200,
    "commands_per_cycle": 11,
    "cycle_wall_clock_s": {
      "mean": 0.0026022329184343107,
      "p50": 0.0021812079939991236,
      "p95": 0.004135291994316503,
      "p99": 0.006797207985073328,
      "min": 0.0020741659973282367,
      "max": 0.017256584018468857
    },
    "command_latency_ms": {
      "p50": 0.08320799679495394,
      "p95": 1.3574580079875886,
      "p99": 1.5494170074816793
    },
    "throughput_commands_per_s": 4227.138901393341
  }
}
